--
-- PostgreSQL database dump
--

-- Dumped from database version 16.3
-- Dumped by pg_dump version 16.3

-- Started on 2024-07-30 10:39:07

SET statement_timeout = 0;
SET lock_timeout = 0;
SET idle_in_transaction_session_timeout = 0;
SET client_encoding = 'UTF8';
SET standard_conforming_strings = on;
SELECT pg_catalog.set_config('search_path', '', false);
SET check_function_bodies = false;
SET xmloption = content;
SET client_min_messages = warning;
SET row_security = off;

--
-- TOC entry 6 (class 2615 OID 122880)
-- Name: drizzle; Type: SCHEMA; Schema: -; Owner: droptimizer-db_owner
--

CREATE SCHEMA drizzle;


ALTER SCHEMA drizzle OWNER TO "droptimizer-db_owner";

SET default_tablespace = '';

SET default_table_access_method = heap;

--
-- TOC entry 228 (class 1259 OID 122882)
-- Name: __drizzle_migrations; Type: TABLE; Schema: drizzle; Owner: droptimizer-db_owner
--

CREATE TABLE drizzle.__drizzle_migrations (
    id integer NOT NULL,
    hash text NOT NULL,
    created_at bigint
);


ALTER TABLE drizzle.__drizzle_migrations OWNER TO "droptimizer-db_owner";

--
-- TOC entry 227 (class 1259 OID 122881)
-- Name: __drizzle_migrations_id_seq; Type: SEQUENCE; Schema: drizzle; Owner: droptimizer-db_owner
--

CREATE SEQUENCE drizzle.__drizzle_migrations_id_seq
    AS integer
    START WITH 1
    INCREMENT BY 1
    NO MINVALUE
    NO MAXVALUE
    CACHE 1;


ALTER SEQUENCE drizzle.__drizzle_migrations_id_seq OWNER TO "droptimizer-db_owner";

--
-- TOC entry 3416 (class 0 OID 0)
-- Dependencies: 227
-- Name: __drizzle_migrations_id_seq; Type: SEQUENCE OWNED BY; Schema: drizzle; Owner: droptimizer-db_owner
--

ALTER SEQUENCE drizzle.__drizzle_migrations_id_seq OWNED BY drizzle.__drizzle_migrations.id;


--
-- TOC entry 222 (class 1259 OID 106528)
-- Name: characters; Type: TABLE; Schema: public; Owner: droptimizer-db_owner
--

CREATE TABLE public.characters (
    id integer NOT NULL,
    name text NOT NULL,
    server text NOT NULL,
    class text
);


ALTER TABLE public.characters OWNER TO "droptimizer-db_owner";

--
-- TOC entry 221 (class 1259 OID 106527)
-- Name: characters_id_seq; Type: SEQUENCE; Schema: public; Owner: droptimizer-db_owner
--

ALTER TABLE public.characters ALTER COLUMN id ADD GENERATED BY DEFAULT AS IDENTITY (
    SEQUENCE NAME public.characters_id_seq
    START WITH 1
    INCREMENT BY 1
    NO MINVALUE
    NO MAXVALUE
    CACHE 1
);


--
-- TOC entry 225 (class 1259 OID 106547)
-- Name: encounter_items; Type: TABLE; Schema: public; Owner: droptimizer-db_owner
--

CREATE TABLE public.encounter_items (
    encounter_id integer NOT NULL,
    item_id integer NOT NULL,
    item_slot text NOT NULL
);


ALTER TABLE public.encounter_items OWNER TO "droptimizer-db_owner";

--
-- TOC entry 217 (class 1259 OID 106503)
-- Name: encounters; Type: TABLE; Schema: public; Owner: droptimizer-db_owner
--

CREATE TABLE public.encounters (
    id integer NOT NULL,
    instance_id integer,
    name text,
    icon text
);


ALTER TABLE public.encounters OWNER TO "droptimizer-db_owner";

--
-- TOC entry 218 (class 1259 OID 106510)
-- Name: instances; Type: TABLE; Schema: public; Owner: droptimizer-db_owner
--

CREATE TABLE public.instances (
    id integer NOT NULL,
    name text,
    description text
);


ALTER TABLE public.instances OWNER TO "droptimizer-db_owner";

--
-- TOC entry 216 (class 1259 OID 106496)
-- Name: items; Type: TABLE; Schema: public; Owner: droptimizer-db_owner
--

CREATE TABLE public.items (
    id integer NOT NULL,
    slot text NOT NULL,
    source_item_id integer,
    source_item_slot text,
    name text,
    icon text,
    type text,
    subtype text
);


ALTER TABLE public.items OWNER TO "droptimizer-db_owner";

--
-- TOC entry 226 (class 1259 OID 106554)
-- Name: report_items; Type: TABLE; Schema: public; Owner: droptimizer-db_owner
--

CREATE TABLE public.report_items (
    report_id integer NOT NULL,
    item_id integer NOT NULL,
    item_slot text NOT NULL,
    dps double precision,
    encounter_id integer NOT NULL
);


ALTER TABLE public.report_items OWNER TO "droptimizer-db_owner";

--
-- TOC entry 220 (class 1259 OID 106518)
-- Name: reports; Type: TABLE; Schema: public; Owner: droptimizer-db_owner
--

CREATE TABLE public.reports (
    id integer NOT NULL,
    url text,
    char_id integer,
    spec_id integer,
    difficulty text,
    dps double precision,
    date date,
    avg_ilvl double precision,
    avg_ilvl_equip double precision,
    upgrade_path text,
    upgrade_level integer,
    upgrade_max integer
);


ALTER TABLE public.reports OWNER TO "droptimizer-db_owner";

--
-- TOC entry 219 (class 1259 OID 106517)
-- Name: reports_id_seq; Type: SEQUENCE; Schema: public; Owner: droptimizer-db_owner
--

ALTER TABLE public.reports ALTER COLUMN id ADD GENERATED BY DEFAULT AS IDENTITY (
    SEQUENCE NAME public.reports_id_seq
    START WITH 1
    INCREMENT BY 1
    NO MINVALUE
    NO MAXVALUE
    CACHE 1
);


--
-- TOC entry 224 (class 1259 OID 106542)
-- Name: spec_instances; Type: TABLE; Schema: public; Owner: droptimizer-db_owner
--

CREATE TABLE public.spec_instances (
    spec_id integer NOT NULL,
    instance_id integer NOT NULL
);


ALTER TABLE public.spec_instances OWNER TO "droptimizer-db_owner";

--
-- TOC entry 223 (class 1259 OID 106535)
-- Name: specs; Type: TABLE; Schema: public; Owner: droptimizer-db_owner
--

CREATE TABLE public.specs (
    id integer NOT NULL,
    name text,
    icon text
);


ALTER TABLE public.specs OWNER TO "droptimizer-db_owner";

--
-- TOC entry 3219 (class 2604 OID 122885)
-- Name: __drizzle_migrations id; Type: DEFAULT; Schema: drizzle; Owner: droptimizer-db_owner
--

ALTER TABLE ONLY drizzle.__drizzle_migrations ALTER COLUMN id SET DEFAULT nextval('drizzle.__drizzle_migrations_id_seq'::regclass);


--
-- TOC entry 3410 (class 0 OID 122882)
-- Dependencies: 228
-- Data for Name: __drizzle_migrations; Type: TABLE DATA; Schema: drizzle; Owner: droptimizer-db_owner
--

COPY drizzle.__drizzle_migrations (id, hash, created_at) FROM stdin;
1	14a66d73a6ec8757c2edc578e8b63c0e411d35e56904ca7209bbc9f55cd293be	1722294476140
\.


--
-- TOC entry 3404 (class 0 OID 106528)
-- Dependencies: 222
-- Data for Name: characters; Type: TABLE DATA; Schema: public; Owner: droptimizer-db_owner
--

COPY public.characters (id, name, server, class) FROM stdin;
17	snc	illidan	rogue
15	syncsii	illidan	druid
\.


--
-- TOC entry 3407 (class 0 OID 106547)
-- Dependencies: 225
-- Data for Name: encounter_items; Type: TABLE DATA; Schema: public; Owner: droptimizer-db_owner
--

COPY public.encounter_items (encounter_id, item_id, item_slot) FROM stdin;
\.


--
-- TOC entry 3399 (class 0 OID 106503)
-- Dependencies: 217
-- Data for Name: encounters; Type: TABLE DATA; Schema: public; Owner: droptimizer-db_owner
--

COPY public.encounters (id, instance_id, name, icon) FROM stdin;
-58	-58	Season 4 Raid Vendors	\N
2522	1208	Kazzara, the Hellforged	ui-ej-boss-kazzara_the_hellforged
2529	1208	The Amalgamation Chamber	ui-ej-boss-the_amalgamation_chamber
2530	1208	The Forgotten Experiments	ui-ej-boss-the_forgotten_experiments
2524	1208	Assault of the Zaqali	ui-ej-boss-assault_of_the_zaqali
2525	1208	Rashok, the Elder	ui-ej-boss-rashok_the_elder
2532	1208	The Vigilant Steward, Zskarn	ui-ej-boss-the_vigilant_steward_zskarn
2527	1208	Magmorax	ui-ej-boss-magmorax
2523	1208	Echo of Neltharion	ui-ej-boss-echo_of_neltharion
2520	1208	Scalecommander Sarkareth	ui-ej-boss-scalecommander_sarkareth
-49	1208	Trash Drop	\N
2564	1207	Gnarlroot	ui-ej-boss-gnarlroot
2554	1207	Igira the Cruel	ui-ej-boss-igira_the_cruel
2557	1207	Volcoross	ui-ej-boss-volcoross
2555	1207	Council of Dreams	ui-ej-boss-council_of_dreams
2553	1207	Larodar, Keeper of the Flame	ui-ej-boss-larodar_keeper_of_the_flame
2556	1207	Nymue, Weaver of the Cycle	ui-ej-boss-nymue_weaver_of_the_cycle
2563	1207	Smolderon	ui-ej-boss-smolderon
2565	1207	Tindral Sageswift, Seer of the Flame	ui-ej-boss-tindral_sageswift_seer_of_flame
2519	1207	Fyrakk the Blazing	ui-ej-boss-fyrakk_the_burning
-54	1207	Trash Drop	\N
2480	1200	Eranog	ui-ej-boss-eranog
2500	1200	Terros	ui-ej-boss-terros
2486	1200	The Primal Council	ui-ej-boss-theprimalcouncil
2482	1200	Sennarth, the Cold Breath	ui-ej-boss-sennarththecoldbreath
2502	1200	Dathea, Ascended	ui-ej-boss-datheaascended
2491	1200	Kurog Grimtotem	ui-ej-boss-kuroggrimtotem
2493	1200	Broodkeeper Diurna	ui-ej-boss-broodkeeperdiurna
2499	1200	Raszageth the Storm-Eater	ui-ej-boss-raszageththestorm-eater
-44	1200	Trash Drop	\N
\.


--
-- TOC entry 3400 (class 0 OID 106510)
-- Dependencies: 218
-- Data for Name: instances; Type: TABLE DATA; Schema: public; Owner: droptimizer-db_owner
--

COPY public.instances (id, name, description) FROM stdin;
-58	Season 4 Raid Vendors	
1208	Aberrus, the Shadowed Crucible	Millennia ago, Neltharion established Aberrus, a secret laboratory where he conducted world altering experiments. Recently rediscovered, Aberrus is now under attack from all sides as forces seeking to claim the Earth-Warder's legacy search for any power that remains. The champions of Azeroth must venture into the shadows and ensure Neltharion's dark power doesn't fall into the wrong hands.
1207	Amirdrassil, the Dream's Hope	Having been carefully nurtured within the Emerald Dream, Amirdrassil is preparing to bloom and cross into Azeroth. But the fate of the new World Tree cannot be secured until Azeroth's champions come together to face Fyrakk and his molten allies, before he devours the heart of Amirdrassil and bathes the world in flame.
1200	Vault of the Incarnates	The Primalists breached the Titan prison used to hold the Incarnates for millennia. Within, Raszageth performs a foul ritual to unleash her siblings, so together they can purge the world of the Titans' influence. The champions of Azeroth must assault this impregnable fortress and break their defenses to end this threat. While many could fall, defeat condemns all the realms to the Incarnates' reign of fire and blood.
\.


--
-- TOC entry 3398 (class 0 OID 106496)
-- Dependencies: 216
-- Data for Name: items; Type: TABLE DATA; Schema: public; Owner: droptimizer-db_owner
--

COPY public.items (id, slot, source_item_id, source_item_slot, name, icon, type, subtype) FROM stdin;
217193	head	217408	token	Bough of the Autumn Blaze	inv_leather_raiddruiddragon_d_01_helm	Armor	Leather
217325	token	\N	\N	Mystic Decelerating Chronograph	inv_belt_armor_waistoftime_d_01	Miscellaneous	Junk
217195	shoulder	217408	token	Mantle of the Autumn Blaze	inv_leather_raiddruiddragon_d_01_shoulder	Armor	Leather
217333	token	\N	\N	Mystic Synchronous Timestrand	inv_10_enchanting2_magicswirl_bronze	Miscellaneous	Junk
217191	chest	217408	token	Chestroots of the Autumn Blaze	inv_leather_raiddruiddragon_d_01_chest	Armor	Leather
217317	token	\N	\N	Mystic Fleeting Hourglass	ability_dragonriding_bronzerewind01	Miscellaneous	Junk
202512	waist	204399	waist	Garland of the Autumn Blaze	inv_leather_raiddruiddragon_d_01_belt	Armor	Leather
217194	legs	217408	token	Pants of the Autumn Blaze	inv_leather_raiddruiddragon_d_01_pant	Armor	Leather
217329	token	\N	\N	Mystic Ephemeral Hypersphere	item_timemote_icon	Miscellaneous	Junk
202517	feet	204391	feet	Hooves of the Autumn Blaze	inv_leather_raiddruiddragon_d_01_boot	Armor	Leather
202511	wrist	204394	wrist	Bands of the Autumn Blaze	inv_leather_raiddruiddragon_d_01_bracer	Armor	Leather
217192	hands	217321	token	Handguards of the Autumn Blaze	inv_leather_raiddruiddragon_d_01_glove	Armor	Leather
217321	token	\N	\N	Mystic Quickened Bronzestone	inv_10_dungeonjewelry_dragon_trinket_1arcanemagical_bronze	Miscellaneous	Junk
202614	trinket	\N	\N	Rashok's Molten Heart	inv_misc_trinket6oih_orb4	Armor	Misc
202615	trinket	\N	\N	Vessel of Searing Shadow	inv_trinket_mawraid_01_purple	Armor	Misc
202555	weapon	\N	\N	Zskarn's Autopsy Scalpel	inv_knife_1h_dragonraid_d_01	Weapon	Dagger
202570	weapon	\N	\N	Lavaflow Control Rod	inv_mace_1h_dragonraid_d_01	Weapon	Mace 1H
204319	weapon	\N	\N	Bloodfire Extraction Conduit	inv_mace_1h_dragonraid_d_02	Weapon	Mace 1H
202510	back	204467	back	Foliage of the Autumn Blaze	inv_leather_raiddruiddragon_d_01_cape	Armor	Cloth
202565	weapon	\N	\N	Erethos, the Empty Promise	inv_staff_2h_dragonraid_d_01	Weapon	Staff
204318	weapon	\N	\N	Thadrion's Erratic Arcanotrode	inv_offhand_1h_dragonraid_d_01	Armor	Misc
204324	weapon	\N	\N	Echo's Maddening Volume	inv_offhand_1h_dragonraid_d_02	Armor	Misc
202602	head	\N	\N	Violent Gravemask	inv_helm_leather_raidroguedragon_d_01	Armor	Leather
217208	head	217408	token	Lurking Specter's Visage	inv_helm_leather_raidroguedragon_d_01	Armor	Leather
217327	token	\N	\N	Zenith Decelerating Chronograph	inv_belt_armor_waistoftime_d_01	Miscellaneous	Junk
217408	token	\N	\N	Awakened Tempostone	inv_10_specialreagentfoozles_coolegg_bronze	Reagent	ContextToken
202618	neck	\N	\N	Kagni's Scorching Talisman	inv_10_dungeonjewelry_explorer_necklace_1compassrose_color2	Armor	Misc
204397	neck	\N	\N	Magmorax's Fourth Collar	inv_10_dungeonjewelry_dragon_necklace_2_red	Armor	Misc
202575	shoulder	\N	\N	Neldris's Sinewy Scapula	inv_shoulder_leather_raiddemonhunterdragon_d_01	Armor	Leather
217210	shoulder	217408	token	Lurking Specter's Shoulderblades	inv_shoulder_leather_raidroguedragon_d_01	Armor	Leather
204415	shoulder	\N	\N	Mantle of Sunless Kindling	inv_leather_raiddruiddragon_d_01_shoulder	Armor	Leather
217335	token	\N	\N	Zenith Synchronous Timestrand	inv_10_enchanting2_magicswirl_bronze	Miscellaneous	Junk
202586	chest	\N	\N	Warlord's Volcanic Vest	inv_chest_leather_raiddemonhunterdragon_d_01	Armor	Leather
217206	chest	217408	token	Lurking Specter's Brigandine	inv_chest_leather_raidroguedragon_d_01	Armor	Leather
217319	token	\N	\N	Zenith Fleeting Hourglass	ability_dragonriding_bronzerewind01	Miscellaneous	Junk
202655	waist	\N	\N	Elder's Volcanic Binding	inv_belt_leather_raidmonkdragon_d_01	Armor	Leather
202494	waist	204399	waist	Lurking Specter's Edgeband	inv_belt_leather_raidroguedragon_d_01	Armor	Leather
204399	waist	\N	\N	Oblivion's Immortal Coil	inv_belt_leather_raiddemonhunterdragon_d_01	Armor	Leather
202596	legs	\N	\N	Tassets of Blistering Twilight	inv_pant_leather_raidroguedragon_d_01	Armor	Leather
217209	legs	217408	token	Lurking Specter's Tights	inv_pant_leather_raidroguedragon_d_01	Armor	Leather
217331	token	\N	\N	Zenith Ephemeral Hypersphere	item_timemote_icon	Miscellaneous	Junk
202574	feet	\N	\N	Flamebound Huntsman's Footpads	inv_leather_raiddruiddragon_d_01_boot	Armor	Leather
202499	feet	204391	feet	Lurking Specter's Tabi	inv_boot_leather_raidroguedragon_d_01	Armor	Leather
204391	feet	\N	\N	Failed Applicant's Footpads	inv_boot_leather_raidroguedragon_d_01	Armor	Leather
202594	wrist	\N	\N	Bloodstench Skinguards	inv_bracer_leather_raidroguedragon_d_01	Armor	Leather
202493	wrist	204394	wrist	Lurking Specter's Armwraps	inv_bracer_leather_raidroguedragon_d_01	Armor	Leather
204394	wrist	\N	\N	Cuffs of the Savage Serpent	inv_bracer_leather_raiddemonhunterdragon_d_01	Armor	Leather
202587	hands	\N	\N	Oathbreaker's Obsessive Gauntlets	inv_glove_leather_raidmonkdragon_d_01	Armor	Leather
217207	hands	217323	token	Lurking Specter's Handgrips	inv_glove_leather_raidroguedragon_d_01	Armor	Leather
204414	hands	\N	\N	Laboratory Assistant's Abductors	inv_glove_leather_raiddemonhunterdragon_d_01	Armor	Leather
217323	token	\N	\N	Zenith Quickened Bronzestone	inv_10_dungeonjewelry_dragon_trinket_1arcanemagical_bronze	Miscellaneous	Junk
202572	finger	\N	\N	Entropic Convergence Loop	inv_10_dungeonjewelry_dragon_ring_2coiledserpent_black	Armor	Misc
204398	finger	\N	\N	Onyx Impostor's Birthright	inv_10_dungeonjewelry_dragon_ring_1signet_black	Armor	Misc
204466	finger	\N	\N	Tormentor's Siphoning Signet	inv_10_dungeonjewelry_primalist_ring_4_fire	Armor	Misc
202610	trinket	\N	\N	Dragonfire Bomb Dispenser	inv_10_engineering2_boxofbombs_friendly_color2	Armor	Misc
202612	trinket	\N	\N	Screaming Black Dragonscale	inv_misc_rubysanctum2	Armor	Misc
202616	trinket	\N	\N	Enduring Dreadplate	inv_10_blacksmithing_craftedbar_bloodyalloy	Armor	Misc
202617	trinket	\N	\N	Elementium Pocket Anvil	inv_blacksmithing_khazgoriananvil	Armor	Misc
203714	trinket	\N	\N	Ward of Faceless Ire	inv_10_dungeonjewelry_dragon_trinket_2arcanemagical_green	Armor	Misc
203729	trinket	\N	\N	Ominous Chromatic Essence	inv_misc_orb_blue	Armor	Misc
203963	trinket	\N	\N	Beacon to the Beyond	inv_cosmicvoid_orb	Armor	Misc
203996	trinket	\N	\N	Igneous Flowstone	inv_misc_orb_05	Armor	Misc
202557	weapon	\N	\N	Hellsteel Mutilator	inv_knife_1h_dragonraid_d_01	Weapon	Dagger
202560	weapon	\N	\N	Claws of the Blazing Behemoth	inv_hand_1h_dragonraid_d_01	Weapon	Unarmed
202564	weapon	\N	\N	Fang of the Sundered Flame	inv_knife_1h_dragonraid_d_02	Weapon	Dagger
204279	weapon	\N	\N	Wallclimber's Incursion Hatchet	inv_axe_1h_dragonraid_d_01	Weapon	Axe 1H
202573	back	\N	\N	Etchings of the Captive Revenant	inv_cape_mail_raidshamandragon_d_01	Armor	Cloth
202492	back	204467	back	Lurking Specter's Capelet	inv_cape_leather_raidroguedragon_d_01	Armor	Cloth
204467	back	\N	\N	Drape of the Dracthyr Trials	inv_cape_mail_raidevokerdragon_d_01	Armor	Cloth
204211	trinket	\N	\N	Neltharion's Call to Suffering	inv_10_dungeonjewelry_dragon_trinket_5_green	Armor	Misc
204465	back	\N	\N	Voice of the Silent Star	inv_cloth_raidpriestdragon_d_01_cape	Armor	Cloth
\.


--
-- TOC entry 3408 (class 0 OID 106554)
-- Dependencies: 226
-- Data for Name: report_items; Type: TABLE DATA; Schema: public; Owner: droptimizer-db_owner
--

COPY public.report_items (report_id, item_id, item_slot, dps, encounter_id) FROM stdin;
38	204211	trinket	7124.3997392333695	2523
38	202492	back	3563.142779827438	2532
38	202564	weapon	846.5772446715273	2520
38	204394	wrist	1593.1813365169219	2527
38	202610	trinket	15369.885078735068	2532
38	202493	wrist	516.5044127436995	2522
38	217207	hands	2207.0075592707726	-49
38	202574	feet	1835.328449798806	2524
38	204279	weapon	5652.241432808456	2524
38	217208	head	4613.153922667028	2527
38	202557	weapon	1908.179886277183	2522
38	217209	legs	2318.555422633479	2525
38	217206	chest	6983.592854608956	2520
38	217209	legs	2288.7682209985505	2529
38	203996	trinket	6546.555001032073	2527
38	202494	waist	2412.3181630957697	2525
38	202655	waist	3621.8774371757754	2525
38	203714	trinket	-822.0398300474626	2523
38	202499	feet	2123.3653442222567	2524
38	217210	shoulder	1991.6598158385896	2523
38	204391	feet	2078.869921258418	2532
38	217210	shoulder	2323.3474907467607	2520
38	202499	feet	2148.759629013599	2532
38	217208	head	4610.02534133452	2522
38	202616	trinket	7429.408831079432	2522
38	217207	hands	2232.052121011162	2520
38	202617	trinket	3729.2215014981048	2529
38	202602	head	2758.457479762903	2522
38	217209	legs	2289.430892937613	2520
38	217207	hands	2134.0886749178753	2530
38	202573	back	3504.554270425375	2522
38	202586	chest	5834.113986756303	2524
38	203963	trinket	834.6202908117266	2520
38	202560	weapon	5799.170194064209	2527
38	217210	shoulder	2000.0937800925167	-49
38	202612	trinket	2417.0161473340995	2522
38	204466	finger	5161.838915588218	2525
38	203729	trinket	2179.5403719551396	2530
38	217208	head	4421.158575216366	2520
38	202596	legs	2359.1054757756356	2529
38	217206	chest	6943.885307039542	2532
38	204399	waist	2133.1400977625744	2520
38	202572	finger	-2449.78634281861	2529
38	204414	hands	2240.2640337598277	-49
38	204465	back	5884.975841197069	2520
38	204398	finger	2635.004382017156	2523
38	204415	shoulder	2998.6042960447085	-49
38	217206	chest	6924.663367132016	2524
38	217210	shoulder	2070.617710730876	2530
38	204397	neck	1466.3160002953373	2527
38	202575	shoulder	2227.358012488403	2530
38	202594	wrist	2091.0124461377854	2522
38	202494	waist	2612.574777679867	2520
38	202587	hands	2484.883070673939	2520
38	202493	wrist	492.243611322745	2527
38	202492	back	3647.227592520416	2522
38	202618	neck	4073.232977394626	2524
38	204467	back	3708.810336596711	2532
39	204211	trinket	6593.742075412476	2523
39	202565	weapon	-6308.151998646703	2520
39	204319	weapon	-8760.756675769779	2525
39	202555	weapon	-6113.20998080913	2532
39	203996	trinket	5025.347681755316	2527
39	203963	trinket	-4874.663628073904	2520
39	202510	back	1374.415491763386	2522
39	203729	trinket	1965.3570272373036	2530
39	203714	trinket	-3286.335484907322	2523
39	202615	trinket	5102.250131807174	2529
39	202612	trinket	2944.1698291744688	2522
39	204466	finger	8696.044096582453	2525
39	202512	waist	1674.2743241054122	2520
39	204398	finger	8035.484064967837	2523
39	202614	trinket	-6879.622794948198	2525
39	217191	chest	2303.3898171458277	2532
39	204415	shoulder	844.7818400383694	-49
39	217194	legs	3043.9849959579296	2529
39	202655	waist	2024.062741777394	2525
39	217193	head	2638.412479281018	2520
39	202586	chest	3081.4677400733926	2524
39	217193	head	2529.3848537981976	2527
39	204318	weapon	731.5394707845408	2530
39	202510	back	1374.1792463641614	2532
39	204414	hands	6482.441997605201	-49
39	204465	back	4087.858966803644	2520
39	202573	back	1742.6662621143041	2522
39	202575	shoulder	-601.4843083936139	2530
39	204467	back	1604.4478427587892	2532
39	217194	legs	3043.298259506293	2520
39	202602	head	-100.75189347186824	2522
39	217193	head	2480.4488319617813	2522
39	217194	legs	3012.4812781832297	2525
39	202511	wrist	-688.4746682581608	2527
39	217191	chest	2317.9981524848263	2520
39	217191	chest	2327.6423529996537	2524
39	204399	waist	1811.1735974546755	2520
39	202618	neck	9423.70888064307	2524
39	202570	weapon	-6039.768982968933	2527
39	204397	neck	5064.5403900169185	2527
39	202596	legs	435.25442497688346	2529
39	202517	feet	-1501.6780033925897	2524
39	202574	feet	-2008.1496162102558	2524
39	204391	feet	-1310.4590554104652	2532
39	217192	hands	5082.002539255132	2530
39	202517	feet	-1575.0670735635213	2532
39	202572	finger	793.9348021018668	2529
39	202594	wrist	310.90238051873166	2522
39	202511	wrist	-649.5870180462371	2522
39	202512	waist	1577.0015365852742	2525
39	204394	wrist	-19.458566606976092	2527
39	202587	hands	7166.81552356563	2520
39	217192	hands	5018.396238661371	2520
39	217192	hands	5031.0506526724785	-49
\.


--
-- TOC entry 3402 (class 0 OID 106518)
-- Dependencies: 220
-- Data for Name: reports; Type: TABLE DATA; Schema: public; Owner: droptimizer-db_owner
--

COPY public.reports (id, url, char_id, spec_id, difficulty, dps, date, avg_ilvl, avg_ilvl_equip, upgrade_path, upgrade_level, upgrade_max) FROM stdin;
38	https://www.raidbots.com/simbot/report/xgYRM66CCT1LFnXDzwW1Ef	17	260	Mythic	257863.47195051832	2024-07-29	502	501	Myth	4	4
39	https://www.raidbots.com/simbot/report/89nufE5LaUqRndW7j1HJ9B	15	102	Mythic	265419.45868643915	2024-07-29	515	509	Myth	4	4
\.


--
-- TOC entry 3406 (class 0 OID 106542)
-- Dependencies: 224
-- Data for Name: spec_instances; Type: TABLE DATA; Schema: public; Owner: droptimizer-db_owner
--

COPY public.spec_instances (spec_id, instance_id) FROM stdin;
102	-58
102	1208
102	1207
102	1200
260	-58
260	1208
260	1207
260	1200
\.


--
-- TOC entry 3405 (class 0 OID 106535)
-- Dependencies: 223
-- Data for Name: specs; Type: TABLE DATA; Schema: public; Owner: droptimizer-db_owner
--

COPY public.specs (id, name, icon) FROM stdin;
71	Arms	ability_warrior_savageblow
72	Fury	ability_warrior_innerrage
73	Protection	ability_warrior_defensivestance
1446	Initial	
65	Holy	spell_holy_holybolt
66	Protection	ability_paladin_shieldofthetemplar
70	Retribution	paladin_retribution
1451	Initial	
253	Beast Mastery	ability_hunter_bestialdiscipline
254	Marksmanship	ability_hunter_focusedaim
255	Survival	ability_hunter_camouflage
1448	Initial	
259	Assassination	ability_rogue_deadlybrew
260	Outlaw	ability_rogue_waylay
261	Subtlety	ability_stealth
1453	Initial	
256	Discipline	spell_holy_powerwordshield
257	Holy	spell_holy_guardianspirit
258	Shadow	spell_shadow_shadowwordpain
1452	Initial	
250	Blood	spell_deathknight_bloodpresence
251	Frost	spell_deathknight_frostpresence
252	Unholy	spell_deathknight_unholypresence
1455	Initial	
262	Elemental	spell_nature_lightning
263	Enhancement	spell_shaman_improvedstormstrike
264	Restoration	spell_nature_magicimmunity
1444	Initial	
62	Arcane	spell_holy_magicalsentry
63	Fire	spell_fire_firebolt02
64	Frost	spell_frost_frostbolt02
1449	Initial	
265	Affliction	spell_shadow_deathcoil
266	Demonology	spell_shadow_metamorphosis
267	Destruction	spell_shadow_rainoffire
1454	Initial	
268	Brewmaster	spell_monk_brewmaster_spec
270	Mistweaver	spell_monk_mistweaver_spec
269	Windwalker	spell_monk_windwalker_spec
1450	Initial	
102	Balance	spell_nature_starfall
103	Feral	ability_druid_catform
104	Guardian	ability_racial_bearform
105	Restoration	spell_nature_healingtouch
1447	Initial	
577	Havoc	ability_demonhunter_specdps
581	Vengeance	ability_demonhunter_spectank
1456	Initial	
1467	Devastation	classicon_evoker_devastation
1468	Preservation	classicon_evoker_preservation
1473	Augmentation	classicon_evoker_augmentation
1465	Initial	
\.


--
-- TOC entry 3417 (class 0 OID 0)
-- Dependencies: 227
-- Name: __drizzle_migrations_id_seq; Type: SEQUENCE SET; Schema: drizzle; Owner: droptimizer-db_owner
--

SELECT pg_catalog.setval('drizzle.__drizzle_migrations_id_seq', 1, true);


--
-- TOC entry 3418 (class 0 OID 0)
-- Dependencies: 221
-- Name: characters_id_seq; Type: SEQUENCE SET; Schema: public; Owner: droptimizer-db_owner
--

SELECT pg_catalog.setval('public.characters_id_seq', 39, true);


--
-- TOC entry 3419 (class 0 OID 0)
-- Dependencies: 219
-- Name: reports_id_seq; Type: SEQUENCE SET; Schema: public; Owner: droptimizer-db_owner
--

SELECT pg_catalog.setval('public.reports_id_seq', 39, true);


--
-- TOC entry 3243 (class 2606 OID 122889)
-- Name: __drizzle_migrations __drizzle_migrations_pkey; Type: CONSTRAINT; Schema: drizzle; Owner: droptimizer-db_owner
--

ALTER TABLE ONLY drizzle.__drizzle_migrations
    ADD CONSTRAINT __drizzle_migrations_pkey PRIMARY KEY (id);


--
-- TOC entry 3233 (class 2606 OID 106534)
-- Name: characters characters_pkey; Type: CONSTRAINT; Schema: public; Owner: droptimizer-db_owner
--

ALTER TABLE ONLY public.characters
    ADD CONSTRAINT characters_pkey PRIMARY KEY (id);


--
-- TOC entry 3239 (class 2606 OID 106553)
-- Name: encounter_items encounter_items_pkey; Type: CONSTRAINT; Schema: public; Owner: droptimizer-db_owner
--

ALTER TABLE ONLY public.encounter_items
    ADD CONSTRAINT encounter_items_pkey PRIMARY KEY (encounter_id, item_id, item_slot);


--
-- TOC entry 3223 (class 2606 OID 106509)
-- Name: encounters encounters_pkey; Type: CONSTRAINT; Schema: public; Owner: droptimizer-db_owner
--

ALTER TABLE ONLY public.encounters
    ADD CONSTRAINT encounters_pkey PRIMARY KEY (id);


--
-- TOC entry 3225 (class 2606 OID 106516)
-- Name: instances instances_pkey; Type: CONSTRAINT; Schema: public; Owner: droptimizer-db_owner
--

ALTER TABLE ONLY public.instances
    ADD CONSTRAINT instances_pkey PRIMARY KEY (id);


--
-- TOC entry 3221 (class 2606 OID 106502)
-- Name: items items_pkey; Type: CONSTRAINT; Schema: public; Owner: droptimizer-db_owner
--

ALTER TABLE ONLY public.items
    ADD CONSTRAINT items_pkey PRIMARY KEY (id, slot);


--
-- TOC entry 3241 (class 2606 OID 131073)
-- Name: report_items report_items_pkey; Type: CONSTRAINT; Schema: public; Owner: droptimizer-db_owner
--

ALTER TABLE ONLY public.report_items
    ADD CONSTRAINT report_items_pkey PRIMARY KEY (report_id, item_id, item_slot, encounter_id);


--
-- TOC entry 3228 (class 2606 OID 106524)
-- Name: reports reports_pkey; Type: CONSTRAINT; Schema: public; Owner: droptimizer-db_owner
--

ALTER TABLE ONLY public.reports
    ADD CONSTRAINT reports_pkey PRIMARY KEY (id);


--
-- TOC entry 3230 (class 2606 OID 106526)
-- Name: reports reports_url_key; Type: CONSTRAINT; Schema: public; Owner: droptimizer-db_owner
--

ALTER TABLE ONLY public.reports
    ADD CONSTRAINT reports_url_key UNIQUE (url);


--
-- TOC entry 3237 (class 2606 OID 106546)
-- Name: spec_instances spec_instances_pkey; Type: CONSTRAINT; Schema: public; Owner: droptimizer-db_owner
--

ALTER TABLE ONLY public.spec_instances
    ADD CONSTRAINT spec_instances_pkey PRIMARY KEY (spec_id, instance_id);


--
-- TOC entry 3235 (class 2606 OID 106541)
-- Name: specs specs_pkey; Type: CONSTRAINT; Schema: public; Owner: droptimizer-db_owner
--

ALTER TABLE ONLY public.specs
    ADD CONSTRAINT specs_pkey PRIMARY KEY (id);


--
-- TOC entry 3231 (class 1259 OID 106562)
-- Name: characters_name_server_idx; Type: INDEX; Schema: public; Owner: droptimizer-db_owner
--

CREATE UNIQUE INDEX characters_name_server_idx ON public.characters USING btree (name, server);


--
-- TOC entry 3226 (class 1259 OID 106561)
-- Name: reports_char_id_spec_id_idx; Type: INDEX; Schema: public; Owner: droptimizer-db_owner
--

CREATE UNIQUE INDEX reports_char_id_spec_id_idx ON public.reports USING btree (char_id, spec_id);


--
-- TOC entry 3250 (class 2606 OID 106593)
-- Name: encounter_items encounter_items_encounter_id_fkey; Type: FK CONSTRAINT; Schema: public; Owner: droptimizer-db_owner
--

ALTER TABLE ONLY public.encounter_items
    ADD CONSTRAINT encounter_items_encounter_id_fkey FOREIGN KEY (encounter_id) REFERENCES public.encounters(id);


--
-- TOC entry 3251 (class 2606 OID 106598)
-- Name: encounter_items encounter_items_item_id_item_slot_fkey; Type: FK CONSTRAINT; Schema: public; Owner: droptimizer-db_owner
--

ALTER TABLE ONLY public.encounter_items
    ADD CONSTRAINT encounter_items_item_id_item_slot_fkey FOREIGN KEY (item_id, item_slot) REFERENCES public.items(id, slot);


--
-- TOC entry 3245 (class 2606 OID 106568)
-- Name: encounters encounters_instance_id_fkey; Type: FK CONSTRAINT; Schema: public; Owner: droptimizer-db_owner
--

ALTER TABLE ONLY public.encounters
    ADD CONSTRAINT encounters_instance_id_fkey FOREIGN KEY (instance_id) REFERENCES public.instances(id);


--
-- TOC entry 3244 (class 2606 OID 106563)
-- Name: items items_source_item_id_source_item_slot_fkey; Type: FK CONSTRAINT; Schema: public; Owner: droptimizer-db_owner
--

ALTER TABLE ONLY public.items
    ADD CONSTRAINT items_source_item_id_source_item_slot_fkey FOREIGN KEY (source_item_id, source_item_slot) REFERENCES public.items(id, slot);


--
-- TOC entry 3252 (class 2606 OID 122910)
-- Name: report_items report_items_encounter_id_fkey; Type: FK CONSTRAINT; Schema: public; Owner: droptimizer-db_owner
--

ALTER TABLE ONLY public.report_items
    ADD CONSTRAINT report_items_encounter_id_fkey FOREIGN KEY (encounter_id) REFERENCES public.encounters(id);


--
-- TOC entry 3253 (class 2606 OID 106608)
-- Name: report_items report_items_item_id_item_slot_fkey; Type: FK CONSTRAINT; Schema: public; Owner: droptimizer-db_owner
--

ALTER TABLE ONLY public.report_items
    ADD CONSTRAINT report_items_item_id_item_slot_fkey FOREIGN KEY (item_id, item_slot) REFERENCES public.items(id, slot);


--
-- TOC entry 3254 (class 2606 OID 106603)
-- Name: report_items report_items_report_id_fkey; Type: FK CONSTRAINT; Schema: public; Owner: droptimizer-db_owner
--

ALTER TABLE ONLY public.report_items
    ADD CONSTRAINT report_items_report_id_fkey FOREIGN KEY (report_id) REFERENCES public.reports(id);


--
-- TOC entry 3246 (class 2606 OID 106573)
-- Name: reports reports_char_id_fkey; Type: FK CONSTRAINT; Schema: public; Owner: droptimizer-db_owner
--

ALTER TABLE ONLY public.reports
    ADD CONSTRAINT reports_char_id_fkey FOREIGN KEY (char_id) REFERENCES public.characters(id);


--
-- TOC entry 3247 (class 2606 OID 106578)
-- Name: reports reports_spec_id_fkey; Type: FK CONSTRAINT; Schema: public; Owner: droptimizer-db_owner
--

ALTER TABLE ONLY public.reports
    ADD CONSTRAINT reports_spec_id_fkey FOREIGN KEY (spec_id) REFERENCES public.specs(id);


--
-- TOC entry 3248 (class 2606 OID 106588)
-- Name: spec_instances spec_instances_instance_id_fkey; Type: FK CONSTRAINT; Schema: public; Owner: droptimizer-db_owner
--

ALTER TABLE ONLY public.spec_instances
    ADD CONSTRAINT spec_instances_instance_id_fkey FOREIGN KEY (instance_id) REFERENCES public.instances(id);


--
-- TOC entry 3249 (class 2606 OID 106583)
-- Name: spec_instances spec_instances_spec_id_fkey; Type: FK CONSTRAINT; Schema: public; Owner: droptimizer-db_owner
--

ALTER TABLE ONLY public.spec_instances
    ADD CONSTRAINT spec_instances_spec_id_fkey FOREIGN KEY (spec_id) REFERENCES public.specs(id);


--
-- TOC entry 2078 (class 826 OID 16391)
-- Name: DEFAULT PRIVILEGES FOR SEQUENCES; Type: DEFAULT ACL; Schema: public; Owner: cloud_admin
--

ALTER DEFAULT PRIVILEGES FOR ROLE cloud_admin IN SCHEMA public GRANT ALL ON SEQUENCES TO neon_superuser WITH GRANT OPTION;


--
-- TOC entry 2077 (class 826 OID 16390)
-- Name: DEFAULT PRIVILEGES FOR TABLES; Type: DEFAULT ACL; Schema: public; Owner: cloud_admin
--

ALTER DEFAULT PRIVILEGES FOR ROLE cloud_admin IN SCHEMA public GRANT ALL ON TABLES TO neon_superuser WITH GRANT OPTION;


-- Completed on 2024-07-30 10:39:11

--
-- PostgreSQL database dump complete
--

